Base Dataset,SERIES Code,SERIES Description,REF_AREA Code,REF_AREA Description,TIME_PERIOD,TIME_DETAIL,OBS_VALUE,UNIT_MEASURE Code,UNIT_MEASURE Description,Reporting Type code,Reporting Type,Nature code,Age code,Age,Sex code,Sex,SOURCE_DETAIL
"SDG","VC_VAW_MARR","Proportion of ever-partnered women and girls subjected to physical and/or sexual violence by a current or former intimate partner in the previous 12 months, by age (%)","4","Afghanistan","2018","2018","34.7","%","PERCENT","G","Global","E","Y15T49","15-49","FEMALE","Female","All Surveys and studies that are population-based, representative at the national or sub-national level, conducted between 2000 and 2018 and measured IPV using act-specific questions."
"SDG","VC_VAW_MARR","Proportion of ever-partnered women and girls subjected to physical and/or sexual violence by a current or former intimate partner in the previous 12 months, by age (%)","8","Albania","2018","2018","6.2","%","PERCENT","G","Global","E","Y15T49","15-49","FEMALE","Female","All Surveys and studies that are population-based, representative at the national or sub-national level, conducted between 2000 and 2018 and measured IPV using act-specific questions."
"SDG","VC_VAW_MARR","Proportion of ever-partnered women and girls subjected to physical and/or sexual violence by a current or former intimate partner in the previous 12 months, by age (%)","24","Angola","2018","2018","24.7","%","PERCENT","G","Global","E","Y15T49","15-49","FEMALE","Female","All Surveys and studies that are population-based, representative at the national or sub-national level, conducted between 2000 and 2018 and measured IPV using act-specific questions."
"SDG","VC_VAW_MARR","Proportion of ever-partnered women and girls subjected to physical and/or sexual violence by a current or former intimate partner in the previous 12 months, by age (%)","32","Argentina","2018","2018","4.5","%","PERCENT","G","Global","E","Y15T49","15-49","FEMALE","Female","All Surveys and studies that are population-based, representative at the national or sub-national level, conducted between 2000 and 2018 and measured IPV using act-specific questions."
"SDG","VC_VAW_MARR","Proportion of ever-partnered women and girls subjected to physical and/or sexual violence by a current or former intimate partner in the previous 12 months, by age (%)","51","Armenia","2018","2018","4.6","%","PERCENT","G","Global","E","Y15T49","15-49","FEMALE","Female","All Surveys and studies that are population-based, representative at the national or sub-national level, conducted between 2000 and 2018 and measured IPV using act-specific questions."
"SDG","VC_VAW_MARR","Proportion of ever-partnered women and girls subjected to physical and/or sexual violence by a current or former intimate partner in the previous 12 months, by age (%)","36","Australia","2018","2018","2.9","%","PERCENT","G","Global","E","Y15T49","15-49","FEMALE","Female","All Surveys and studies that are population-based, representative at the national or sub-national level, conducted between 2000 and 2018 and measured IPV using act-specific questions."
"SDG","VC_VAW_MARR","Proportion of ever-partnered women and girls subjected to physical and/or sexual violence by a current or former intimate partner in the previous 12 months, by age (%)","40","Austria","2018","2018","3.6","%","PERCENT","G","Global","E","Y15T49","15-49","FEMALE","Female","All Surveys and studies that are population-based, representative at the national or sub-national level, conducted between 2000 and 2018 and measured IPV using act-specific questions."
"SDG","VC_VAW_MARR","Proportion of ever-partnered women and girls subjected to physical and/or sexual violence by a current or former intimate partner in the previous 12 months, by age (%)","31","Azerbaijan","2018","2018","5.2","%","PERCENT","G","Global","E","Y15T49","15-49","FEMALE","Female","All Surveys and studies that are population-based, representative at the national or sub-national level, conducted between 2000 and 2018 and measured IPV using act-specific questions."
"SDG","VC_VAW_MARR","Proportion of ever-partnered women and girls subjected to physical and/or sexual violence by a current or former intimate partner in the previous 12 months, by age (%)","50","Bangladesh","2018","2018","23.2","%","PERCENT","G","Global","E","Y15T49","15-49","FEMALE","Female","All Surveys and studies that are population-based, representative at the national or sub-national level, conducted between 2000 and 2018 and measured IPV using act-specific questions."
"SDG","VC_VAW_MARR","Proportion of ever-partnered women and girls subjected to physical and/or sexual violence by a current or former intimate partner in the previous 12 months, by age (%)","112","Belarus","2018","2018","6.3","%","PERCENT","G","Global","E","Y15T49","15-49","FEMALE","Female","All Surveys and studies that are population-based, representative at the national or sub-national level, conducted between 2000 and 2018 and measured IPV using act-specific questions."
"SDG","VC_VAW_MARR","Proportion of ever-partnered women and girls subjected to physical and/or sexual violence by a current or former intimate partner in the previous 12 months, by age (%)","56","Belgium","2018","2018","4.8","%","PERCENT","G","Global","E","Y15T49","15-49","FEMALE","Female","All Surveys and studies that are population-based, representative at the national or sub-national level, conducted between 2000 and 2018 and measured IPV using act-specific questions."
"SDG","VC_VAW_MARR","Proportion of ever-partnered women and girls subjected to physical and/or sexual violence by a current or former intimate partner in the previous 12 months, by age (%)","84","Belize","2018","2018","7.8","%","PERCENT","G","Global","E","Y15T49","15-49","FEMALE","Female","All Surveys and studies that are population-based, representative at the national or sub-national level, conducted between 2000 and 2018 and measured IPV using act-specific questions."
"SDG","VC_VAW_MARR","Proportion of ever-partnered women and girls subjected to physical and/or sexual violence by a current or former intimate partner in the previous 12 months, by age (%)","204","Benin","2018","2018","14.6","%","PERCENT","G","Global","E","Y15T49","15-49","FEMALE","Female","All Surveys and studies that are population-based, representative at the national or sub-national level, conducted between 2000 and 2018 and measured IPV using act-specific questions."
"SDG","VC_VAW_MARR","Proportion of ever-partnered women and girls subjected to physical and/or sexual violence by a current or former intimate partner in the previous 12 months, by age (%)","64","Bhutan","2018","2018","8.6","%","PERCENT","G","Global","E","Y15T49","15-49","FEMALE","Female","All Surveys and studies that are population-based, representative at the national or sub-national level, conducted between 2000 and 2018 and measured IPV using act-specific questions."
"SDG","VC_VAW_MARR","Proportion of ever-partnered women and girls subjected to physical and/or sexual violence by a current or former intimate partner in the previous 12 months, by age (%)","68","Bolivia (Plurinational State of)","2018","2018","18.3","%","PERCENT","G","Global","E","Y15T49","15-49","FEMALE","Female","All Surveys and studies that are population-based, representative at the national or sub-national level, conducted between 2000 and 2018 and measured IPV using act-specific questions."
"SDG","VC_VAW_MARR","Proportion of ever-partnered women and girls subjected to physical and/or sexual violence by a current or former intimate partner in the previous 12 months, by age (%)","70","Bosnia and Herzegovina","2018","2018","3.4","%","PERCENT","G","Global","E","Y15T49","15-49","FEMALE","Female","All Surveys and studies that are population-based, representative at the national or sub-national level, conducted between 2000 and 2018 and measured IPV using act-specific questions."
"SDG","VC_VAW_MARR","Proportion of ever-partnered women and girls subjected to physical and/or sexual violence by a current or former intimate partner in the previous 12 months, by age (%)","72","Botswana","2018","2018","17.1","%","PERCENT","G","Global","E","Y15T49","15-49","FEMALE","Female","All Surveys and studies that are population-based, representative at the national or sub-national level, conducted between 2000 and 2018 and measured IPV using act-specific questions."
"SDG","VC_VAW_MARR","Proportion of ever-partnered women and girls subjected to physical and/or sexual violence by a current or former intimate partner in the previous 12 months, by age (%)","76","Brazil","2018","2018","6.5","%","PERCENT","G","Global","E","Y15T49","15-49","FEMALE","Female","All Surveys and studies that are population-based, representative at the national or sub-national level, conducted between 2000 and 2018 and measured IPV using act-specific questions."
"SDG","VC_VAW_MARR","Proportion of ever-partnered women and girls subjected to physical and/or sexual violence by a current or former intimate partner in the previous 12 months, by age (%)","100","Bulgaria","2018","2018","5.9","%","PERCENT","G","Global","E","Y15T49","15-49","FEMALE","Female","All Surveys and studies that are population-based, representative at the national or sub-national level, conducted between 2000 and 2018 and measured IPV using act-specific questions."
"SDG","VC_VAW_MARR","Proportion of ever-partnered women and girls subjected to physical and/or sexual violence by a current or former intimate partner in the previous 12 months, by age (%)","854","Burkina Faso","2018","2018","11.2","%","PERCENT","G","Global","E","Y15T49","15-49","FEMALE","Female","All Surveys and studies that are population-based, representative at the national or sub-national level, conducted between 2000 and 2018 and measured IPV using act-specific questions."
"SDG","VC_VAW_MARR","Proportion of ever-partnered women and girls subjected to physical and/or sexual violence by a current or former intimate partner in the previous 12 months, by age (%)","108","Burundi","2018","2018","22.1","%","PERCENT","G","Global","E","Y15T49","15-49","FEMALE","Female","All Surveys and studies that are population-based, representative at the national or sub-national level, conducted between 2000 and 2018 and measured IPV using act-specific questions."
"SDG","VC_VAW_MARR","Proportion of ever-partnered women and girls subjected to physical and/or sexual violence by a current or former intimate partner in the previous 12 months, by age (%)","132","Cabo Verde","2018","2018","10.9","%","PERCENT","G","Global","E","Y15T49","15-49","FEMALE","Female","All Surveys and studies that are population-based, representative at the national or sub-national level, conducted between 2000 and 2018 and measured IPV using act-specific questions."
"SDG","VC_VAW_MARR","Proportion of ever-partnered women and girls subjected to physical and/or sexual violence by a current or former intimate partner in the previous 12 months, by age (%)","116","Cambodia","2018","2018","9.1","%","PERCENT","G","Global","E","Y15T49","15-49","FEMALE","Female","All Surveys and studies that are population-based, representative at the national or sub-national level, conducted between 2000 and 2018 and measured IPV using act-specific questions."
"SDG","VC_VAW_MARR","Proportion of ever-partnered women and girls subjected to physical and/or sexual violence by a current or former intimate partner in the previous 12 months, by age (%)","120","Cameroon","2018","2018","22","%","PERCENT","G","Global","E","Y15T49","15-49","FEMALE","Female","All Surveys and studies that are population-based, representative at the national or sub-national level, conducted between 2000 and 2018 and measured IPV using act-specific questions."
"SDG","VC_VAW_MARR","Proportion of ever-partnered women and girls subjected to physical and/or sexual violence by a current or former intimate partner in the previous 12 months, by age (%)","124","Canada","2018","2018","2.6","%","PERCENT","G","Global","E","Y15T49","15-49","FEMALE","Female","All Surveys and studies that are population-based, representative at the national or sub-national level, conducted between 2000 and 2018 and measured IPV using act-specific questions."
"SDG","VC_VAW_MARR","Proportion of ever-partnered women and girls subjected to physical and/or sexual violence by a current or former intimate partner in the previous 12 months, by age (%)","140","Central African Republic","2018","2018","20.9","%","PERCENT","G","Global","E","Y15T49","15-49","FEMALE","Female","All Surveys and studies that are population-based, representative at the national or sub-national level, conducted between 2000 and 2018 and measured IPV using act-specific questions."
"SDG","VC_VAW_MARR","Proportion of ever-partnered women and girls subjected to physical and/or sexual violence by a current or former intimate partner in the previous 12 months, by age (%)","148","Chad","2018","2018","16.2","%","PERCENT","G","Global","E","Y15T49","15-49","FEMALE","Female","All Surveys and studies that are population-based, representative at the national or sub-national level, conducted between 2000 and 2018 and measured IPV using act-specific questions."
"SDG","VC_VAW_MARR","Proportion of ever-partnered women and girls subjected to physical and/or sexual violence by a current or former intimate partner in the previous 12 months, by age (%)","152","Chile","2018","2018","5.8","%","PERCENT","G","Global","E","Y15T49","15-49","FEMALE","Female","All Surveys and studies that are population-based, representative at the national or sub-national level, conducted between 2000 and 2018 and measured IPV using act-specific questions."
"SDG","VC_VAW_MARR","Proportion of ever-partnered women and girls subjected to physical and/or sexual violence by a current or former intimate partner in the previous 12 months, by age (%)","156","China","2018","2018","7.6","%","PERCENT","G","Global","E","Y15T49","15-49","FEMALE","Female","All Surveys and studies that are population-based, representative at the national or sub-national level, conducted between 2000 and 2018 and measured IPV using act-specific questions."
"SDG","VC_VAW_MARR","Proportion of ever-partnered women and girls subjected to physical and/or sexual violence by a current or former intimate partner in the previous 12 months, by age (%)","344","China, Hong Kong Special Administrative Region","2018","2018","2.5","%","PERCENT","G","Global","E","Y15T49","15-49","FEMALE","Female","All Surveys and studies that are population-based, representative at the national or sub-national level, conducted between 2000 and 2018 and measured IPV using act-specific questions."
"SDG","VC_VAW_MARR","Proportion of ever-partnered women and girls subjected to physical and/or sexual violence by a current or former intimate partner in the previous 12 months, by age (%)","170","Colombia","2018","2018","11.9","%","PERCENT","G","Global","E","Y15T49","15-49","FEMALE","Female","All Surveys and studies that are population-based, representative at the national or sub-national level, conducted between 2000 and 2018 and measured IPV using act-specific questions."
"SDG","VC_VAW_MARR","Proportion of ever-partnered women and girls subjected to physical and/or sexual violence by a current or former intimate partner in the previous 12 months, by age (%)","174","Comoros","2018","2018","8.2","%","PERCENT","G","Global","E","Y15T49","15-49","FEMALE","Female","All Surveys and studies that are population-based, representative at the national or sub-national level, conducted between 2000 and 2018 and measured IPV using act-specific questions."
"SDG","VC_VAW_MARR","Proportion of ever-partnered women and girls subjected to physical and/or sexual violence by a current or former intimate partner in the previous 12 months, by age (%)","184","Cook Islands","2018","2018","13.7","%","PERCENT","G","Global","E","Y15T49","15-49","FEMALE","Female","All Surveys and studies that are population-based, representative at the national or sub-national level, conducted between 2000 and 2018 and measured IPV using act-specific questions."
"SDG","VC_VAW_MARR","Proportion of ever-partnered women and girls subjected to physical and/or sexual violence by a current or former intimate partner in the previous 12 months, by age (%)","188","Costa Rica","2018","2018","7.2","%","PERCENT","G","Global","E","Y15T49","15-49","FEMALE","Female","All Surveys and studies that are population-based, representative at the national or sub-national level, conducted between 2000 and 2018 and measured IPV using act-specific questions."
"SDG","VC_VAW_MARR","Proportion of ever-partnered women and girls subjected to physical and/or sexual violence by a current or former intimate partner in the previous 12 months, by age (%)","384","Côte d’Ivoire","2018","2018","16.4","%","PERCENT","G","Global","E","Y15T49","15-49","FEMALE","Female","All Surveys and studies that are population-based, representative at the national or sub-national level, conducted between 2000 and 2018 and measured IPV using act-specific questions."
"SDG","VC_VAW_MARR","Proportion of ever-partnered women and girls subjected to physical and/or sexual violence by a current or former intimate partner in the previous 12 months, by age (%)","191","Croatia","2018","2018","4","%","PERCENT","G","Global","E","Y15T49","15-49","FEMALE","Female","All Surveys and studies that are population-based, representative at the national or sub-national level, conducted between 2000 and 2018 and measured IPV using act-specific questions."
"SDG","VC_VAW_MARR","Proportion of ever-partnered women and girls subjected to physical and/or sexual violence by a current or former intimate partner in the previous 12 months, by age (%)","192","Cuba","2018","2018","4.6","%","PERCENT","G","Global","E","Y15T49","15-49","FEMALE","Female","All Surveys and studies that are population-based, representative at the national or sub-national level, conducted between 2000 and 2018 and measured IPV using act-specific questions."
"SDG","VC_VAW_MARR","Proportion of ever-partnered women and girls subjected to physical and/or sexual violence by a current or former intimate partner in the previous 12 months, by age (%)","196","Cyprus","2018","2018","3.1","%","PERCENT","G","Global","E","Y15T49","15-49","FEMALE","Female","All Surveys and studies that are population-based, representative at the national or sub-national level, conducted between 2000 and 2018 and measured IPV using act-specific questions."
"SDG","VC_VAW_MARR","Proportion of ever-partnered women and girls subjected to physical and/or sexual violence by a current or former intimate partner in the previous 12 months, by age (%)","203","Czechia","2018","2018","4.1","%","PERCENT","G","Global","E","Y15T49","15-49","FEMALE","Female","All Surveys and studies that are population-based, representative at the national or sub-national level, conducted between 2000 and 2018 and measured IPV using act-specific questions."
"SDG","VC_VAW_MARR","Proportion of ever-partnered women and girls subjected to physical and/or sexual violence by a current or former intimate partner in the previous 12 months, by age (%)","180","Democratic Republic of the Congo","2018","2018","35.6","%","PERCENT","G","Global","E","Y15T49","15-49","FEMALE","Female","All Surveys and studies that are population-based, representative at the national or sub-national level, conducted between 2000 and 2018 and measured IPV using act-specific questions."
"SDG","VC_VAW_MARR","Proportion of ever-partnered women and girls subjected to physical and/or sexual violence by a current or former intimate partner in the previous 12 months, by age (%)","208","Denmark","2018","2018","3.3","%","PERCENT","G","Global","E","Y15T49","15-49","FEMALE","Female","All Surveys and studies that are population-based, representative at the national or sub-national level, conducted between 2000 and 2018 and measured IPV using act-specific questions."
"SDG","VC_VAW_MARR","Proportion of ever-partnered women and girls subjected to physical and/or sexual violence by a current or former intimate partner in the previous 12 months, by age (%)","214","Dominican Republic","2018","2018","9.6","%","PERCENT","G","Global","E","Y15T49","15-49","FEMALE","Female","All Surveys and studies that are population-based, representative at the national or sub-national level, conducted between 2000 and 2018 and measured IPV using act-specific questions."
"SDG","VC_VAW_MARR","Proportion of ever-partnered women and girls subjected to physical and/or sexual violence by a current or former intimate partner in the previous 12 months, by age (%)","218","Ecuador","2018","2018","8.1","%","PERCENT","G","Global","E","Y15T49","15-49","FEMALE","Female","All Surveys and studies that are population-based, representative at the national or sub-national level, conducted between 2000 and 2018 and measured IPV using act-specific questions."
"SDG","VC_VAW_MARR","Proportion of ever-partnered women and girls subjected to physical and/or sexual violence by a current or former intimate partner in the previous 12 months, by age (%)","818","Egypt","2018","2018","15.1","%","PERCENT","G","Global","E","Y15T49","15-49","FEMALE","Female","All Surveys and studies that are population-based, representative at the national or sub-national level, conducted between 2000 and 2018 and measured IPV using act-specific questions."
"SDG","VC_VAW_MARR","Proportion of ever-partnered women and girls subjected to physical and/or sexual violence by a current or former intimate partner in the previous 12 months, by age (%)","222","El Salvador","2018","2018","5.7","%","PERCENT","G","Global","E","Y15T49","15-49","FEMALE","Female","All Surveys and studies that are population-based, representative at the national or sub-national level, conducted between 2000 and 2018 and measured IPV using act-specific questions."
"SDG","VC_VAW_MARR","Proportion of ever-partnered women and girls subjected to physical and/or sexual violence by a current or former intimate partner in the previous 12 months, by age (%)","226","Equatorial Guinea","2018","2018","28.7","%","PERCENT","G","Global","E","Y15T49","15-49","FEMALE","Female","All Surveys and studies that are population-based, representative at the national or sub-national level, conducted between 2000 and 2018 and measured IPV using act-specific questions."
"SDG","VC_VAW_MARR","Proportion of ever-partnered women and girls subjected to physical and/or sexual violence by a current or former intimate partner in the previous 12 months, by age (%)","233","Estonia","2018","2018","4.2","%","PERCENT","G","Global","E","Y15T49","15-49","FEMALE","Female","All Surveys and studies that are population-based, representative at the national or sub-national level, conducted between 2000 and 2018 and measured IPV using act-specific questions."
"SDG","VC_VAW_MARR","Proportion of ever-partnered women and girls subjected to physical and/or sexual violence by a current or former intimate partner in the previous 12 months, by age (%)","748","Eswatini","2018","2018","17.7","%","PERCENT","G","Global","E","Y15T49","15-49","FEMALE","Female","All Surveys and studies that are population-based, representative at the national or sub-national level, conducted between 2000 and 2018 and measured IPV using act-specific questions."
"SDG","VC_VAW_MARR","Proportion of ever-partnered women and girls subjected to physical and/or sexual violence by a current or former intimate partner in the previous 12 months, by age (%)","231","Ethiopia","2018","2018","26.5","%","PERCENT","G","Global","E","Y15T49","15-49","FEMALE","Female","All Surveys and studies that are population-based, representative at the national or sub-national level, conducted between 2000 and 2018 and measured IPV using act-specific questions."
"SDG","VC_VAW_MARR","Proportion of ever-partnered women and girls subjected to physical and/or sexual violence by a current or former intimate partner in the previous 12 months, by age (%)","242","Fiji","2018","2018","23.2","%","PERCENT","G","Global","E","Y15T49","15-49","FEMALE","Female","All Surveys and studies that are population-based, representative at the national or sub-national level, conducted between 2000 and 2018 and measured IPV using act-specific questions."
"SDG","VC_VAW_MARR","Proportion of ever-partnered women and girls subjected to physical and/or sexual violence by a current or former intimate partner in the previous 12 months, by age (%)","246","Finland","2018","2018","8.1","%","PERCENT","G","Global","E","Y15T49","15-49","FEMALE","Female","All Surveys and studies that are population-based, representative at the national or sub-national level, conducted between 2000 and 2018 and measured IPV using act-specific questions."
"SDG","VC_VAW_MARR","Proportion of ever-partnered women and girls subjected to physical and/or sexual violence by a current or former intimate partner in the previous 12 months, by age (%)","250","France","2018","2018","5","%","PERCENT","G","Global","E","Y15T49","15-49","FEMALE","Female","All Surveys and studies that are population-based, representative at the national or sub-national level, conducted between 2000 and 2018 and measured IPV using act-specific questions."
"SDG","VC_VAW_MARR","Proportion of ever-partnered women and girls subjected to physical and/or sexual violence by a current or former intimate partner in the previous 12 months, by age (%)","266","Gabon","2018","2018","22","%","PERCENT","G","Global","E","Y15T49","15-49","FEMALE","Female","All Surveys and studies that are population-based, representative at the national or sub-national level, conducted between 2000 and 2018 and measured IPV using act-specific questions."
"SDG","VC_VAW_MARR","Proportion of ever-partnered women and girls subjected to physical and/or sexual violence by a current or former intimate partner in the previous 12 months, by age (%)","270","Gambia","2018","2018","10","%","PERCENT","G","Global","E","Y15T49","15-49","FEMALE","Female","All Surveys and studies that are population-based, representative at the national or sub-national level, conducted between 2000 and 2018 and measured IPV using act-specific questions."
"SDG","VC_VAW_MARR","Proportion of ever-partnered women and girls subjected to physical and/or sexual violence by a current or former intimate partner in the previous 12 months, by age (%)","268","Georgia","2018","2018","2.9","%","PERCENT","G","Global","E","Y15T49","15-49","FEMALE","Female","All Surveys and studies that are population-based, representative at the national or sub-national level, conducted between 2000 and 2018 and measured IPV using act-specific questions."
"SDG","VC_VAW_MARR","Proportion of ever-partnered women and girls subjected to physical and/or sexual violence by a current or former intimate partner in the previous 12 months, by age (%)","288","Ghana","2018","2018","10.2","%","PERCENT","G","Global","E","Y15T49","15-49","FEMALE","Female","All Surveys and studies that are population-based, representative at the national or sub-national level, conducted between 2000 and 2018 and measured IPV using act-specific questions."
"SDG","VC_VAW_MARR","Proportion of ever-partnered women and girls subjected to physical and/or sexual violence by a current or former intimate partner in the previous 12 months, by age (%)","300","Greece","2018","2018","5.1","%","PERCENT","G","Global","E","Y15T49","15-49","FEMALE","Female","All Surveys and studies that are population-based, representative at the national or sub-national level, conducted between 2000 and 2018 and measured IPV using act-specific questions."
"SDG","VC_VAW_MARR","Proportion of ever-partnered women and girls subjected to physical and/or sexual violence by a current or former intimate partner in the previous 12 months, by age (%)","308","Grenada","2018","2018","7.8","%","PERCENT","G","Global","E","Y15T49","15-49","FEMALE","Female","All Surveys and studies that are population-based, representative at the national or sub-national level, conducted between 2000 and 2018 and measured IPV using act-specific questions."
"SDG","VC_VAW_MARR","Proportion of ever-partnered women and girls subjected to physical and/or sexual violence by a current or former intimate partner in the previous 12 months, by age (%)","320","Guatemala","2018","2018","7.3","%","PERCENT","G","Global","E","Y15T49","15-49","FEMALE","Female","All Surveys and studies that are population-based, representative at the national or sub-national level, conducted between 2000 and 2018 and measured IPV using act-specific questions."
"SDG","VC_VAW_MARR","Proportion of ever-partnered women and girls subjected to physical and/or sexual violence by a current or former intimate partner in the previous 12 months, by age (%)","324","Guinea","2018","2018","20.8","%","PERCENT","G","Global","E","Y15T49","15-49","FEMALE","Female","All Surveys and studies that are population-based, representative at the national or sub-national level, conducted between 2000 and 2018 and measured IPV using act-specific questions."
"SDG","VC_VAW_MARR","Proportion of ever-partnered women and girls subjected to physical and/or sexual violence by a current or former intimate partner in the previous 12 months, by age (%)","328","Guyana","2018","2018","10.5","%","PERCENT","G","Global","E","Y15T49","15-49","FEMALE","Female","All Surveys and studies that are population-based, representative at the national or sub-national level, conducted between 2000 and 2018 and measured IPV using act-specific questions."
"SDG","VC_VAW_MARR","Proportion of ever-partnered women and girls subjected to physical and/or sexual violence by a current or former intimate partner in the previous 12 months, by age (%)","332","Haiti","2018","2018","12.2","%","PERCENT","G","Global","E","Y15T49","15-49","FEMALE","Female","All Surveys and studies that are population-based, representative at the national or sub-national level, conducted between 2000 and 2018 and measured IPV using act-specific questions."
"SDG","VC_VAW_MARR","Proportion of ever-partnered women and girls subjected to physical and/or sexual violence by a current or former intimate partner in the previous 12 months, by age (%)","340","Honduras","2018","2018","7.2","%","PERCENT","G","Global","E","Y15T49","15-49","FEMALE","Female","All Surveys and studies that are population-based, representative at the national or sub-national level, conducted between 2000 and 2018 and measured IPV using act-specific questions."
"SDG","VC_VAW_MARR","Proportion of ever-partnered women and girls subjected to physical and/or sexual violence by a current or former intimate partner in the previous 12 months, by age (%)","348","Hungary","2018","2018","5.7","%","PERCENT","G","Global","E","Y15T49","15-49","FEMALE","Female","All Surveys and studies that are population-based, representative at the national or sub-national level, conducted between 2000 and 2018 and measured IPV using act-specific questions."
"SDG","VC_VAW_MARR","Proportion of ever-partnered women and girls subjected to physical and/or sexual violence by a current or former intimate partner in the previous 12 months, by age (%)","352","Iceland","2018","2018","2.8","%","PERCENT","G","Global","E","Y15T49","15-49","FEMALE","Female","All Surveys and studies that are population-based, representative at the national or sub-national level, conducted between 2000 and 2018 and measured IPV using act-specific questions."
"SDG","VC_VAW_MARR","Proportion of ever-partnered women and girls subjected to physical and/or sexual violence by a current or former intimate partner in the previous 12 months, by age (%)","356","India","2018","2018","18.4","%","PERCENT","G","Global","E","Y15T49","15-49","FEMALE","Female","All Surveys and studies that are population-based, representative at the national or sub-national level, conducted between 2000 and 2018 and measured IPV using act-specific questions."
"SDG","VC_VAW_MARR","Proportion of ever-partnered women and girls subjected to physical and/or sexual violence by a current or former intimate partner in the previous 12 months, by age (%)","360","Indonesia","2018","2018","8.9","%","PERCENT","G","Global","E","Y15T49","15-49","FEMALE","Female","All Surveys and studies that are population-based, representative at the national or sub-national level, conducted between 2000 and 2018 and measured IPV using act-specific questions."
"SDG","VC_VAW_MARR","Proportion of ever-partnered women and girls subjected to physical and/or sexual violence by a current or former intimate partner in the previous 12 months, by age (%)","364","Iran (Islamic Republic of)","2018","2018","17.6","%","PERCENT","G","Global","E","Y15T49","15-49","FEMALE","Female","All Surveys and studies that are population-based, representative at the national or sub-national level, conducted between 2000 and 2018 and measured IPV using act-specific questions."
"SDG","VC_VAW_MARR","Proportion of ever-partnered women and girls subjected to physical and/or sexual violence by a current or former intimate partner in the previous 12 months, by age (%)","372","Ireland","2018","2018","3.3","%","PERCENT","G","Global","E","Y15T49","15-49","FEMALE","Female","All Surveys and studies that are population-based, representative at the national or sub-national level, conducted between 2000 and 2018 and measured IPV using act-specific questions."
"SDG","VC_VAW_MARR","Proportion of ever-partnered women and girls subjected to physical and/or sexual violence by a current or former intimate partner in the previous 12 months, by age (%)","376","Israel","2018","2018","5.6","%","PERCENT","G","Global","E","Y15T49","15-49","FEMALE","Female","All Surveys and studies that are population-based, representative at the national or sub-national level, conducted between 2000 and 2018 and measured IPV using act-specific questions."
"SDG","VC_VAW_MARR","Proportion of ever-partnered women and girls subjected to physical and/or sexual violence by a current or former intimate partner in the previous 12 months, by age (%)","380","Italy","2018","2018","3.5","%","PERCENT","G","Global","E","Y15T49","15-49","FEMALE","Female","All Surveys and studies that are population-based, representative at the national or sub-national level, conducted between 2000 and 2018 and measured IPV using act-specific questions."
"SDG","VC_VAW_MARR","Proportion of ever-partnered women and girls subjected to physical and/or sexual violence by a current or former intimate partner in the previous 12 months, by age (%)","388","Jamaica","2018","2018","7.3","%","PERCENT","G","Global","E","Y15T49","15-49","FEMALE","Female","All Surveys and studies that are population-based, representative at the national or sub-national level, conducted between 2000 and 2018 and measured IPV using act-specific questions."
"SDG","VC_VAW_MARR","Proportion of ever-partnered women and girls subjected to physical and/or sexual violence by a current or former intimate partner in the previous 12 months, by age (%)","392","Japan","2018","2018","3.9","%","PERCENT","G","Global","E","Y15T49","15-49","FEMALE","Female","All Surveys and studies that are population-based, representative at the national or sub-national level, conducted between 2000 and 2018 and measured IPV using act-specific questions."
"SDG","VC_VAW_MARR","Proportion of ever-partnered women and girls subjected to physical and/or sexual violence by a current or former intimate partner in the previous 12 months, by age (%)","400","Jordan","2018","2018","13.5","%","PERCENT","G","Global","E","Y15T49","15-49","FEMALE","Female","All Surveys and studies that are population-based, representative at the national or sub-national level, conducted between 2000 and 2018 and measured IPV using act-specific questions."
"SDG","VC_VAW_MARR","Proportion of ever-partnered women and girls subjected to physical and/or sexual violence by a current or former intimate partner in the previous 12 months, by age (%)","398","Kazakhstan","2018","2018","6","%","PERCENT","G","Global","E","Y15T49","15-49","FEMALE","Female","All Surveys and studies that are population-based, representative at the national or sub-national level, conducted between 2000 and 2018 and measured IPV using act-specific questions."
"SDG","VC_VAW_MARR","Proportion of ever-partnered women and girls subjected to physical and/or sexual violence by a current or former intimate partner in the previous 12 months, by age (%)","404","Kenya","2018","2018","22.8","%","PERCENT","G","Global","E","Y15T49","15-49","FEMALE","Female","All Surveys and studies that are population-based, representative at the national or sub-national level, conducted between 2000 and 2018 and measured IPV using act-specific questions."
"SDG","VC_VAW_MARR","Proportion of ever-partnered women and girls subjected to physical and/or sexual violence by a current or former intimate partner in the previous 12 months, by age (%)","296","Kiribati","2018","2018","25.2","%","PERCENT","G","Global","E","Y15T49","15-49","FEMALE","Female","All Surveys and studies that are population-based, representative at the national or sub-national level, conducted between 2000 and 2018 and measured IPV using act-specific questions."
"SDG","VC_VAW_MARR","Proportion of ever-partnered women and girls subjected to physical and/or sexual violence by a current or former intimate partner in the previous 12 months, by age (%)","417","Kyrgyzstan","2018","2018","13.3","%","PERCENT","G","Global","E","Y15T49","15-49","FEMALE","Female","All Surveys and studies that are population-based, representative at the national or sub-national level, conducted between 2000 and 2018 and measured IPV using act-specific questions."
"SDG","VC_VAW_MARR","Proportion of ever-partnered women and girls subjected to physical and/or sexual violence by a current or former intimate partner in the previous 12 months, by age (%)","418","Lao People's Democratic Republic","2018","2018","8","%","PERCENT","G","Global","E","Y15T49","15-49","FEMALE","Female","All Surveys and studies that are population-based, representative at the national or sub-national level, conducted between 2000 and 2018 and measured IPV using act-specific questions."
"SDG","VC_VAW_MARR","Proportion of ever-partnered women and girls subjected to physical and/or sexual violence by a current or former intimate partner in the previous 12 months, by age (%)","428","Latvia","2018","2018","6.3","%","PERCENT","G","Global","E","Y15T49","15-49","FEMALE","Female","All Surveys and studies that are population-based, representative at the national or sub-national level, conducted between 2000 and 2018 and measured IPV using act-specific questions."
"SDG","VC_VAW_MARR","Proportion of ever-partnered women and girls subjected to physical and/or sexual violence by a current or former intimate partner in the previous 12 months, by age (%)","426","Lesotho","2018","2018","16.5","%","PERCENT","G","Global","E","Y15T49","15-49","FEMALE","Female","All Surveys and studies that are population-based, representative at the national or sub-national level, conducted between 2000 and 2018 and measured IPV using act-specific questions."
"SDG","VC_VAW_MARR","Proportion of ever-partnered women and girls subjected to physical and/or sexual violence by a current or former intimate partner in the previous 12 months, by age (%)","430","Liberia","2018","2018","26.9","%","PERCENT","G","Global","E","Y15T49","15-49","FEMALE","Female","All Surveys and studies that are population-based, representative at the national or sub-national level, conducted between 2000 and 2018 and measured IPV using act-specific questions."
"SDG","VC_VAW_MARR","Proportion of ever-partnered women and girls subjected to physical and/or sexual violence by a current or former intimate partner in the previous 12 months, by age (%)","440","Lithuania","2018","2018","5.2","%","PERCENT","G","Global","E","Y15T49","15-49","FEMALE","Female","All Surveys and studies that are population-based, representative at the national or sub-national level, conducted between 2000 and 2018 and measured IPV using act-specific questions."
"SDG","VC_VAW_MARR","Proportion of ever-partnered women and girls subjected to physical and/or sexual violence by a current or former intimate partner in the previous 12 months, by age (%)","442","Luxembourg","2018","2018","3.5","%","PERCENT","G","Global","E","Y15T49","15-49","FEMALE","Female","All Surveys and studies that are population-based, representative at the national or sub-national level, conducted between 2000 and 2018 and measured IPV using act-specific questions."
"SDG","VC_VAW_MARR","Proportion of ever-partnered women and girls subjected to physical and/or sexual violence by a current or former intimate partner in the previous 12 months, by age (%)","454","Malawi","2018","2018","16.6","%","PERCENT","G","Global","E","Y15T49","15-49","FEMALE","Female","All Surveys and studies that are population-based, representative at the national or sub-national level, conducted between 2000 and 2018 and measured IPV using act-specific questions."
"SDG","VC_VAW_MARR","Proportion of ever-partnered women and girls subjected to physical and/or sexual violence by a current or former intimate partner in the previous 12 months, by age (%)","462","Maldives","2018","2018","6.1","%","PERCENT","G","Global","E","Y15T49","15-49","FEMALE","Female","All Surveys and studies that are population-based, representative at the national or sub-national level, conducted between 2000 and 2018 and measured IPV using act-specific questions."
"SDG","VC_VAW_MARR","Proportion of ever-partnered women and girls subjected to physical and/or sexual violence by a current or former intimate partner in the previous 12 months, by age (%)","466","Mali","2018","2018","18.4","%","PERCENT","G","Global","E","Y15T49","15-49","FEMALE","Female","All Surveys and studies that are population-based, representative at the national or sub-national level, conducted between 2000 and 2018 and measured IPV using act-specific questions."
"SDG","VC_VAW_MARR","Proportion of ever-partnered women and girls subjected to physical and/or sexual violence by a current or former intimate partner in the previous 12 months, by age (%)","470","Malta","2018","2018","4","%","PERCENT","G","Global","E","Y15T49","15-49","FEMALE","Female","All Surveys and studies that are population-based, representative at the national or sub-national level, conducted between 2000 and 2018 and measured IPV using act-specific questions."
"SDG","VC_VAW_MARR","Proportion of ever-partnered women and girls subjected to physical and/or sexual violence by a current or former intimate partner in the previous 12 months, by age (%)","584","Marshall Islands","2018","2018","19.3","%","PERCENT","G","Global","E","Y15T49","15-49","FEMALE","Female","All Surveys and studies that are population-based, representative at the national or sub-national level, conducted between 2000 and 2018 and measured IPV using act-specific questions."
"SDG","VC_VAW_MARR","Proportion of ever-partnered women and girls subjected to physical and/or sexual violence by a current or former intimate partner in the previous 12 months, by age (%)","484","Mexico","2018","2018","9.9","%","PERCENT","G","Global","E","Y15T49","15-49","FEMALE","Female","All Surveys and studies that are population-based, representative at the national or sub-national level, conducted between 2000 and 2018 and measured IPV using act-specific questions."
"SDG","VC_VAW_MARR","Proportion of ever-partnered women and girls subjected to physical and/or sexual violence by a current or former intimate partner in the previous 12 months, by age (%)","583","Micronesia (Federated States of)","2018","2018","21.1","%","PERCENT","G","Global","E","Y15T49","15-49","FEMALE","Female","All Surveys and studies that are population-based, representative at the national or sub-national level, conducted between 2000 and 2018 and measured IPV using act-specific questions."
"SDG","VC_VAW_MARR","Proportion of ever-partnered women and girls subjected to physical and/or sexual violence by a current or former intimate partner in the previous 12 months, by age (%)","496","Mongolia","2018","2018","11.5","%","PERCENT","G","Global","E","Y15T49","15-49","FEMALE","Female","All Surveys and studies that are population-based, representative at the national or sub-national level, conducted between 2000 and 2018 and measured IPV using act-specific questions."
"SDG","VC_VAW_MARR","Proportion of ever-partnered women and girls subjected to physical and/or sexual violence by a current or former intimate partner in the previous 12 months, by age (%)","499","Montenegro","2018","2018","4.4","%","PERCENT","G","Global","E","Y15T49","15-49","FEMALE","Female","All Surveys and studies that are population-based, representative at the national or sub-national level, conducted between 2000 and 2018 and measured IPV using act-specific questions."
"SDG","VC_VAW_MARR","Proportion of ever-partnered women and girls subjected to physical and/or sexual violence by a current or former intimate partner in the previous 12 months, by age (%)","504","Morocco","2018","2018","10.5","%","PERCENT","G","Global","E","Y15T49","15-49","FEMALE","Female","All Surveys and studies that are population-based, representative at the national or sub-national level, conducted between 2000 and 2018 and measured IPV using act-specific questions."
"SDG","VC_VAW_MARR","Proportion of ever-partnered women and girls subjected to physical and/or sexual violence by a current or former intimate partner in the previous 12 months, by age (%)","508","Mozambique","2018","2018","16.4","%","PERCENT","G","Global","E","Y15T49","15-49","FEMALE","Female","All Surveys and studies that are population-based, representative at the national or sub-national level, conducted between 2000 and 2018 and measured IPV using act-specific questions."
"SDG","VC_VAW_MARR","Proportion of ever-partnered women and girls subjected to physical and/or sexual violence by a current or former intimate partner in the previous 12 months, by age (%)","104","Myanmar","2018","2018","10.7","%","PERCENT","G","Global","E","Y15T49","15-49","FEMALE","Female","All Surveys and studies that are population-based, representative at the national or sub-national level, conducted between 2000 and 2018 and measured IPV using act-specific questions."
"SDG","VC_VAW_MARR","Proportion of ever-partnered women and girls subjected to physical and/or sexual violence by a current or former intimate partner in the previous 12 months, by age (%)","516","Namibia","2018","2018","15.9","%","PERCENT","G","Global","E","Y15T49","15-49","FEMALE","Female","All Surveys and studies that are population-based, representative at the national or sub-national level, conducted between 2000 and 2018 and measured IPV using act-specific questions."
"SDG","VC_VAW_MARR","Proportion of ever-partnered women and girls subjected to physical and/or sexual violence by a current or former intimate partner in the previous 12 months, by age (%)","520","Nauru","2018","2018","20","%","PERCENT","G","Global","E","Y15T49","15-49","FEMALE","Female","All Surveys and studies that are population-based, representative at the national or sub-national level, conducted between 2000 and 2018 and measured IPV using act-specific questions."
"SDG","VC_VAW_MARR","Proportion of ever-partnered women and girls subjected to physical and/or sexual violence by a current or former intimate partner in the previous 12 months, by age (%)","524","Nepal","2018","2018","11.4","%","PERCENT","G","Global","E","Y15T49","15-49","FEMALE","Female","All Surveys and studies that are population-based, representative at the national or sub-national level, conducted between 2000 and 2018 and measured IPV using act-specific questions."
"SDG","VC_VAW_MARR","Proportion of ever-partnered women and girls subjected to physical and/or sexual violence by a current or former intimate partner in the previous 12 months, by age (%)","528","Netherlands","2018","2018","5.1","%","PERCENT","G","Global","E","Y15T49","15-49","FEMALE","Female","All Surveys and studies that are population-based, representative at the national or sub-national level, conducted between 2000 and 2018 and measured IPV using act-specific questions."
"SDG","VC_VAW_MARR","Proportion of ever-partnered women and girls subjected to physical and/or sexual violence by a current or former intimate partner in the previous 12 months, by age (%)","554","New Zealand","2018","2018","4.2","%","PERCENT","G","Global","E","Y15T49","15-49","FEMALE","Female","All Surveys and studies that are population-based, representative at the national or sub-national level, conducted between 2000 and 2018 and measured IPV using act-specific questions."
"SDG","VC_VAW_MARR","Proportion of ever-partnered women and girls subjected to physical and/or sexual violence by a current or former intimate partner in the previous 12 months, by age (%)","558","Nicaragua","2018","2018","6.4","%","PERCENT","G","Global","E","Y15T49","15-49","FEMALE","Female","All Surveys and studies that are population-based, representative at the national or sub-national level, conducted between 2000 and 2018 and measured IPV using act-specific questions."
"SDG","VC_VAW_MARR","Proportion of ever-partnered women and girls subjected to physical and/or sexual violence by a current or former intimate partner in the previous 12 months, by age (%)","562","Niger","2018","2018","12.9","%","PERCENT","G","Global","E","Y15T49","15-49","FEMALE","Female","All Surveys and studies that are population-based, representative at the national or sub-national level, conducted between 2000 and 2018 and measured IPV using act-specific questions."
"SDG","VC_VAW_MARR","Proportion of ever-partnered women and girls subjected to physical and/or sexual violence by a current or former intimate partner in the previous 12 months, by age (%)","566","Nigeria","2018","2018","13.2","%","PERCENT","G","Global","E","Y15T49","15-49","FEMALE","Female","All Surveys and studies that are population-based, representative at the national or sub-national level, conducted between 2000 and 2018 and measured IPV using act-specific questions."
"SDG","VC_VAW_MARR","Proportion of ever-partnered women and girls subjected to physical and/or sexual violence by a current or former intimate partner in the previous 12 months, by age (%)","807","North Macedonia","2018","2018","4.2","%","PERCENT","G","Global","E","Y15T49","15-49","FEMALE","Female","All Surveys and studies that are population-based, representative at the national or sub-national level, conducted between 2000 and 2018 and measured IPV using act-specific questions."
"SDG","VC_VAW_MARR","Proportion of ever-partnered women and girls subjected to physical and/or sexual violence by a current or former intimate partner in the previous 12 months, by age (%)","578","Norway","2018","2018","4.4","%","PERCENT","G","Global","E","Y15T49","15-49","FEMALE","Female","All Surveys and studies that are population-based, representative at the national or sub-national level, conducted between 2000 and 2018 and measured IPV using act-specific questions."
"SDG","VC_VAW_MARR","Proportion of ever-partnered women and girls subjected to physical and/or sexual violence by a current or former intimate partner in the previous 12 months, by age (%)","586","Pakistan","2018","2018","16.2","%","PERCENT","G","Global","E","Y15T49","15-49","FEMALE","Female","All Surveys and studies that are population-based, representative at the national or sub-national level, conducted between 2000 and 2018 and measured IPV using act-specific questions."
"SDG","VC_VAW_MARR","Proportion of ever-partnered women and girls subjected to physical and/or sexual violence by a current or former intimate partner in the previous 12 months, by age (%)","585","Palau","2018","2018","13.8","%","PERCENT","G","Global","E","Y15T49","15-49","FEMALE","Female","All Surveys and studies that are population-based, representative at the national or sub-national level, conducted between 2000 and 2018 and measured IPV using act-specific questions."
"SDG","VC_VAW_MARR","Proportion of ever-partnered women and girls subjected to physical and/or sexual violence by a current or former intimate partner in the previous 12 months, by age (%)","591","Panama","2018","2018","7.8","%","PERCENT","G","Global","E","Y15T49","15-49","FEMALE","Female","All Surveys and studies that are population-based, representative at the national or sub-national level, conducted between 2000 and 2018 and measured IPV using act-specific questions."
"SDG","VC_VAW_MARR","Proportion of ever-partnered women and girls subjected to physical and/or sexual violence by a current or former intimate partner in the previous 12 months, by age (%)","598","Papua New Guinea","2018","2018","30.6","%","PERCENT","G","Global","E","Y15T49","15-49","FEMALE","Female","All Surveys and studies that are population-based, representative at the national or sub-national level, conducted between 2000 and 2018 and measured IPV using act-specific questions."
"SDG","VC_VAW_MARR","Proportion of ever-partnered women and girls subjected to physical and/or sexual violence by a current or former intimate partner in the previous 12 months, by age (%)","600","Paraguay","2018","2018","5.5","%","PERCENT","G","Global","E","Y15T49","15-49","FEMALE","Female","All Surveys and studies that are population-based, representative at the national or sub-national level, conducted between 2000 and 2018 and measured IPV using act-specific questions."
"SDG","VC_VAW_MARR","Proportion of ever-partnered women and girls subjected to physical and/or sexual violence by a current or former intimate partner in the previous 12 months, by age (%)","604","Peru","2018","2018","11.1","%","PERCENT","G","Global","E","Y15T49","15-49","FEMALE","Female","All Surveys and studies that are population-based, representative at the national or sub-national level, conducted between 2000 and 2018 and measured IPV using act-specific questions."
"SDG","VC_VAW_MARR","Proportion of ever-partnered women and girls subjected to physical and/or sexual violence by a current or former intimate partner in the previous 12 months, by age (%)","608","Philippines","2018","2018","5.9","%","PERCENT","G","Global","E","Y15T49","15-49","FEMALE","Female","All Surveys and studies that are population-based, representative at the national or sub-national level, conducted between 2000 and 2018 and measured IPV using act-specific questions."
"SDG","VC_VAW_MARR","Proportion of ever-partnered women and girls subjected to physical and/or sexual violence by a current or former intimate partner in the previous 12 months, by age (%)","616","Poland","2018","2018","3.1","%","PERCENT","G","Global","E","Y15T49","15-49","FEMALE","Female","All Surveys and studies that are population-based, representative at the national or sub-national level, conducted between 2000 and 2018 and measured IPV using act-specific questions."
"SDG","VC_VAW_MARR","Proportion of ever-partnered women and girls subjected to physical and/or sexual violence by a current or former intimate partner in the previous 12 months, by age (%)","620","Portugal","2018","2018","4.4","%","PERCENT","G","Global","E","Y15T49","15-49","FEMALE","Female","All Surveys and studies that are population-based, representative at the national or sub-national level, conducted between 2000 and 2018 and measured IPV using act-specific questions."
"SDG","VC_VAW_MARR","Proportion of ever-partnered women and girls subjected to physical and/or sexual violence by a current or former intimate partner in the previous 12 months, by age (%)","410","Republic of Korea","2018","2018","8","%","PERCENT","G","Global","E","Y15T49","15-49","FEMALE","Female","All Surveys and studies that are population-based, representative at the national or sub-national level, conducted between 2000 and 2018 and measured IPV using act-specific questions."
"SDG","VC_VAW_MARR","Proportion of ever-partnered women and girls subjected to physical and/or sexual violence by a current or former intimate partner in the previous 12 months, by age (%)","498","Republic of Moldova","2018","2018","9.1","%","PERCENT","G","Global","E","Y15T49","15-49","FEMALE","Female","All Surveys and studies that are population-based, representative at the national or sub-national level, conducted between 2000 and 2018 and measured IPV using act-specific questions."
"SDG","VC_VAW_MARR","Proportion of ever-partnered women and girls subjected to physical and/or sexual violence by a current or former intimate partner in the previous 12 months, by age (%)","642","Romania","2018","2018","6.9","%","PERCENT","G","Global","E","Y15T49","15-49","FEMALE","Female","All Surveys and studies that are population-based, representative at the national or sub-national level, conducted between 2000 and 2018 and measured IPV using act-specific questions."
"SDG","VC_VAW_MARR","Proportion of ever-partnered women and girls subjected to physical and/or sexual violence by a current or former intimate partner in the previous 12 months, by age (%)","646","Rwanda","2018","2018","23.5","%","PERCENT","G","Global","E","Y15T49","15-49","FEMALE","Female","All Surveys and studies that are population-based, representative at the national or sub-national level, conducted between 2000 and 2018 and measured IPV using act-specific questions."
"SDG","VC_VAW_MARR","Proportion of ever-partnered women and girls subjected to physical and/or sexual violence by a current or former intimate partner in the previous 12 months, by age (%)","882","Samoa","2018","2018","17.8","%","PERCENT","G","Global","E","Y15T49","15-49","FEMALE","Female","All Surveys and studies that are population-based, representative at the national or sub-national level, conducted between 2000 and 2018 and measured IPV using act-specific questions."
"SDG","VC_VAW_MARR","Proportion of ever-partnered women and girls subjected to physical and/or sexual violence by a current or former intimate partner in the previous 12 months, by age (%)","678","Sao Tome and Principe","2018","2018","18.1","%","PERCENT","G","Global","E","Y15T49","15-49","FEMALE","Female","All Surveys and studies that are population-based, representative at the national or sub-national level, conducted between 2000 and 2018 and measured IPV using act-specific questions."
"SDG","VC_VAW_MARR","Proportion of ever-partnered women and girls subjected to physical and/or sexual violence by a current or former intimate partner in the previous 12 months, by age (%)","686","Senegal","2018","2018","12.4","%","PERCENT","G","Global","E","Y15T49","15-49","FEMALE","Female","All Surveys and studies that are population-based, representative at the national or sub-national level, conducted between 2000 and 2018 and measured IPV using act-specific questions."
"SDG","VC_VAW_MARR","Proportion of ever-partnered women and girls subjected to physical and/or sexual violence by a current or former intimate partner in the previous 12 months, by age (%)","688","Serbia","2018","2018","3.9","%","PERCENT","G","Global","E","Y15T49","15-49","FEMALE","Female","All Surveys and studies that are population-based, representative at the national or sub-national level, conducted between 2000 and 2018 and measured IPV using act-specific questions."
"SDG","VC_VAW_MARR","Proportion of ever-partnered women and girls subjected to physical and/or sexual violence by a current or former intimate partner in the previous 12 months, by age (%)","694","Sierra Leone","2018","2018","19.8","%","PERCENT","G","Global","E","Y15T49","15-49","FEMALE","Female","All Surveys and studies that are population-based, representative at the national or sub-national level, conducted between 2000 and 2018 and measured IPV using act-specific questions."
"SDG","VC_VAW_MARR","Proportion of ever-partnered women and girls subjected to physical and/or sexual violence by a current or former intimate partner in the previous 12 months, by age (%)","702","Singapore","2018","2018","2.4","%","PERCENT","G","Global","E","Y15T49","15-49","FEMALE","Female","All Surveys and studies that are population-based, representative at the national or sub-national level, conducted between 2000 and 2018 and measured IPV using act-specific questions."
"SDG","VC_VAW_MARR","Proportion of ever-partnered women and girls subjected to physical and/or sexual violence by a current or former intimate partner in the previous 12 months, by age (%)","703","Slovakia","2018","2018","5.9","%","PERCENT","G","Global","E","Y15T49","15-49","FEMALE","Female","All Surveys and studies that are population-based, representative at the national or sub-national level, conducted between 2000 and 2018 and measured IPV using act-specific questions."
"SDG","VC_VAW_MARR","Proportion of ever-partnered women and girls subjected to physical and/or sexual violence by a current or former intimate partner in the previous 12 months, by age (%)","705","Slovenia","2018","2018","3.4","%","PERCENT","G","Global","E","Y15T49","15-49","FEMALE","Female","All Surveys and studies that are population-based, representative at the national or sub-national level, conducted between 2000 and 2018 and measured IPV using act-specific questions."
"SDG","VC_VAW_MARR","Proportion of ever-partnered women and girls subjected to physical and/or sexual violence by a current or former intimate partner in the previous 12 months, by age (%)","90","Solomon Islands","2018","2018","28.1","%","PERCENT","G","Global","E","Y15T49","15-49","FEMALE","Female","All Surveys and studies that are population-based, representative at the national or sub-national level, conducted between 2000 and 2018 and measured IPV using act-specific questions."
"SDG","VC_VAW_MARR","Proportion of ever-partnered women and girls subjected to physical and/or sexual violence by a current or former intimate partner in the previous 12 months, by age (%)","710","South Africa","2018","2018","13.1","%","PERCENT","G","Global","E","Y15T49","15-49","FEMALE","Female","All Surveys and studies that are population-based, representative at the national or sub-national level, conducted between 2000 and 2018 and measured IPV using act-specific questions."
"SDG","VC_VAW_MARR","Proportion of ever-partnered women and girls subjected to physical and/or sexual violence by a current or former intimate partner in the previous 12 months, by age (%)","728","South Sudan","2018","2018","26.7","%","PERCENT","G","Global","E","Y15T49","15-49","FEMALE","Female","All Surveys and studies that are population-based, representative at the national or sub-national level, conducted between 2000 and 2018 and measured IPV using act-specific questions."
"SDG","VC_VAW_MARR","Proportion of ever-partnered women and girls subjected to physical and/or sexual violence by a current or former intimate partner in the previous 12 months, by age (%)","724","Spain","2018","2018","2.9","%","PERCENT","G","Global","E","Y15T49","15-49","FEMALE","Female","All Surveys and studies that are population-based, representative at the national or sub-national level, conducted between 2000 and 2018 and measured IPV using act-specific questions."
"SDG","VC_VAW_MARR","Proportion of ever-partnered women and girls subjected to physical and/or sexual violence by a current or former intimate partner in the previous 12 months, by age (%)","144","Sri Lanka","2018","2018","4.1","%","PERCENT","G","Global","E","Y15T49","15-49","FEMALE","Female","All Surveys and studies that are population-based, representative at the national or sub-national level, conducted between 2000 and 2018 and measured IPV using act-specific questions."
"SDG","VC_VAW_MARR","Proportion of ever-partnered women and girls subjected to physical and/or sexual violence by a current or former intimate partner in the previous 12 months, by age (%)","275","State of Palestine","2018","2018","19.1","%","PERCENT","G","Global","E","Y15T49","15-49","FEMALE","Female","All Surveys and studies that are population-based, representative at the national or sub-national level, conducted between 2000 and 2018 and measured IPV using act-specific questions."
"SDG","VC_VAW_MARR","Proportion of ever-partnered women and girls subjected to physical and/or sexual violence by a current or former intimate partner in the previous 12 months, by age (%)","729","Sudan","2018","2018","16.7","%","PERCENT","G","Global","E","Y15T49","15-49","FEMALE","Female","All Surveys and studies that are population-based, representative at the national or sub-national level, conducted between 2000 and 2018 and measured IPV using act-specific questions."
"SDG","VC_VAW_MARR","Proportion of ever-partnered women and girls subjected to physical and/or sexual violence by a current or former intimate partner in the previous 12 months, by age (%)","740","Suriname","2018","2018","7.7","%","PERCENT","G","Global","E","Y15T49","15-49","FEMALE","Female","All Surveys and studies that are population-based, representative at the national or sub-national level, conducted between 2000 and 2018 and measured IPV using act-specific questions."
"SDG","VC_VAW_MARR","Proportion of ever-partnered women and girls subjected to physical and/or sexual violence by a current or former intimate partner in the previous 12 months, by age (%)","752","Sweden","2018","2018","6.3","%","PERCENT","G","Global","E","Y15T49","15-49","FEMALE","Female","All Surveys and studies that are population-based, representative at the national or sub-national level, conducted between 2000 and 2018 and measured IPV using act-specific questions."
"SDG","VC_VAW_MARR","Proportion of ever-partnered women and girls subjected to physical and/or sexual violence by a current or former intimate partner in the previous 12 months, by age (%)","756","Switzerland","2018","2018","1.7","%","PERCENT","G","Global","E","Y15T49","15-49","FEMALE","Female","All Surveys and studies that are population-based, representative at the national or sub-national level, conducted between 2000 and 2018 and measured IPV using act-specific questions."
"SDG","VC_VAW_MARR","Proportion of ever-partnered women and girls subjected to physical and/or sexual violence by a current or former intimate partner in the previous 12 months, by age (%)","762","Tajikistan","2018","2018","14","%","PERCENT","G","Global","E","Y15T49","15-49","FEMALE","Female","All Surveys and studies that are population-based, representative at the national or sub-national level, conducted between 2000 and 2018 and measured IPV using act-specific questions."
"SDG","VC_VAW_MARR","Proportion of ever-partnered women and girls subjected to physical and/or sexual violence by a current or former intimate partner in the previous 12 months, by age (%)","764","Thailand","2018","2018","9.3","%","PERCENT","G","Global","E","Y15T49","15-49","FEMALE","Female","All Surveys and studies that are population-based, representative at the national or sub-national level, conducted between 2000 and 2018 and measured IPV using act-specific questions."
"SDG","VC_VAW_MARR","Proportion of ever-partnered women and girls subjected to physical and/or sexual violence by a current or former intimate partner in the previous 12 months, by age (%)","626","Timor-Leste","2018","2018","28.2","%","PERCENT","G","Global","E","Y15T49","15-49","FEMALE","Female","All Surveys and studies that are population-based, representative at the national or sub-national level, conducted between 2000 and 2018 and measured IPV using act-specific questions."
"SDG","VC_VAW_MARR","Proportion of ever-partnered women and girls subjected to physical and/or sexual violence by a current or former intimate partner in the previous 12 months, by age (%)","768","Togo","2018","2018","12.7","%","PERCENT","G","Global","E","Y15T49","15-49","FEMALE","Female","All Surveys and studies that are population-based, representative at the national or sub-national level, conducted between 2000 and 2018 and measured IPV using act-specific questions."
"SDG","VC_VAW_MARR","Proportion of ever-partnered women and girls subjected to physical and/or sexual violence by a current or former intimate partner in the previous 12 months, by age (%)","776","Tonga","2018","2018","16.9","%","PERCENT","G","Global","E","Y15T49","15-49","FEMALE","Female","All Surveys and studies that are population-based, representative at the national or sub-national level, conducted between 2000 and 2018 and measured IPV using act-specific questions."
"SDG","VC_VAW_MARR","Proportion of ever-partnered women and girls subjected to physical and/or sexual violence by a current or former intimate partner in the previous 12 months, by age (%)","780","Trinidad and Tobago","2018","2018","7.5","%","PERCENT","G","Global","E","Y15T49","15-49","FEMALE","Female","All Surveys and studies that are population-based, representative at the national or sub-national level, conducted between 2000 and 2018 and measured IPV using act-specific questions."
"SDG","VC_VAW_MARR","Proportion of ever-partnered women and girls subjected to physical and/or sexual violence by a current or former intimate partner in the previous 12 months, by age (%)","788","Tunisia","2018","2018","10.1","%","PERCENT","G","Global","E","Y15T49","15-49","FEMALE","Female","All Surveys and studies that are population-based, representative at the national or sub-national level, conducted between 2000 and 2018 and measured IPV using act-specific questions."
"SDG","VC_VAW_MARR","Proportion of ever-partnered women and girls subjected to physical and/or sexual violence by a current or former intimate partner in the previous 12 months, by age (%)","792","Turkey","2018","2018","12.1","%","PERCENT","G","Global","E","Y15T49","15-49","FEMALE","Female","All Surveys and studies that are population-based, representative at the national or sub-national level, conducted between 2000 and 2018 and measured IPV using act-specific questions."
"SDG","VC_VAW_MARR","Proportion of ever-partnered women and girls subjected to physical and/or sexual violence by a current or former intimate partner in the previous 12 months, by age (%)","798","Tuvalu","2018","2018","19.8","%","PERCENT","G","Global","E","Y15T49","15-49","FEMALE","Female","All Surveys and studies that are population-based, representative at the national or sub-national level, conducted between 2000 and 2018 and measured IPV using act-specific questions."
"SDG","VC_VAW_MARR","Proportion of ever-partnered women and girls subjected to physical and/or sexual violence by a current or former intimate partner in the previous 12 months, by age (%)","800","Uganda","2018","2018","26.1","%","PERCENT","G","Global","E","Y15T49","15-49","FEMALE","Female","All Surveys and studies that are population-based, representative at the national or sub-national level, conducted between 2000 and 2018 and measured IPV using act-specific questions."
"SDG","VC_VAW_MARR","Proportion of ever-partnered women and girls subjected to physical and/or sexual violence by a current or former intimate partner in the previous 12 months, by age (%)","804","Ukraine","2018","2018","8.7","%","PERCENT","G","Global","E","Y15T49","15-49","FEMALE","Female","All Surveys and studies that are population-based, representative at the national or sub-national level, conducted between 2000 and 2018 and measured IPV using act-specific questions."
"SDG","VC_VAW_MARR","Proportion of ever-partnered women and girls subjected to physical and/or sexual violence by a current or former intimate partner in the previous 12 months, by age (%)","826","United Kingdom of Great Britain and Northern Ireland","2018","2018","4.2","%","PERCENT","G","Global","E","Y15T49","15-49","FEMALE","Female","All Surveys and studies that are population-based, representative at the national or sub-national level, conducted between 2000 and 2018 and measured IPV using act-specific questions."
"SDG","VC_VAW_MARR","Proportion of ever-partnered women and girls subjected to physical and/or sexual violence by a current or former intimate partner in the previous 12 months, by age (%)","834","United Republic of Tanzania","2018","2018","24.3","%","PERCENT","G","Global","E","Y15T49","15-49","FEMALE","Female","All Surveys and studies that are population-based, representative at the national or sub-national level, conducted between 2000 and 2018 and measured IPV using act-specific questions."
"SDG","VC_VAW_MARR","Proportion of ever-partnered women and girls subjected to physical and/or sexual violence by a current or former intimate partner in the previous 12 months, by age (%)","840","United States of America","2018","2018","6","%","PERCENT","G","Global","E","Y15T49","15-49","FEMALE","Female","All Surveys and studies that are population-based, representative at the national or sub-national level, conducted between 2000 and 2018 and measured IPV using act-specific questions."
"SDG","VC_VAW_MARR","Proportion of ever-partnered women and girls subjected to physical and/or sexual violence by a current or former intimate partner in the previous 12 months, by age (%)","858","Uruguay","2018","2018","4.3","%","PERCENT","G","Global","E","Y15T49","15-49","FEMALE","Female","All Surveys and studies that are population-based, representative at the national or sub-national level, conducted between 2000 and 2018 and measured IPV using act-specific questions."
"SDG","VC_VAW_MARR","Proportion of ever-partnered women and girls subjected to physical and/or sexual violence by a current or former intimate partner in the previous 12 months, by age (%)","548","Vanuatu","2018","2018","29.4","%","PERCENT","G","Global","E","Y15T49","15-49","FEMALE","Female","All Surveys and studies that are population-based, representative at the national or sub-national level, conducted between 2000 and 2018 and measured IPV using act-specific questions."
"SDG","VC_VAW_MARR","Proportion of ever-partnered women and girls subjected to physical and/or sexual violence by a current or former intimate partner in the previous 12 months, by age (%)","862","Venezuela (Bolivarian Republic of)","2018","2018","8.5","%","PERCENT","G","Global","E","Y15T49","15-49","FEMALE","Female","All Surveys and studies that are population-based, representative at the national or sub-national level, conducted between 2000 and 2018 and measured IPV using act-specific questions."
"SDG","VC_VAW_MARR","Proportion of ever-partnered women and girls subjected to physical and/or sexual violence by a current or former intimate partner in the previous 12 months, by age (%)","704","Viet Nam","2018","2018","9.5","%","PERCENT","G","Global","E","Y15T49","15-49","FEMALE","Female","All Surveys and studies that are population-based, representative at the national or sub-national level, conducted between 2000 and 2018 and measured IPV using act-specific questions."
"SDG","VC_VAW_MARR","Proportion of ever-partnered women and girls subjected to physical and/or sexual violence by a current or former intimate partner in the previous 12 months, by age (%)","894","Zambia","2018","2018","27.8","%","PERCENT","G","Global","E","Y15T49","15-49","FEMALE","Female","All Surveys and studies that are population-based, representative at the national or sub-national level, conducted between 2000 and 2018 and measured IPV using act-specific questions."
"SDG","VC_VAW_MARR","Proportion of ever-partnered women and girls subjected to physical and/or sexual violence by a current or former intimate partner in the previous 12 months, by age (%)","716","Zimbabwe","2018","2018","18.2","%","PERCENT","G","Global","E","Y15T49","15-49","FEMALE","Female","All Surveys and studies that are population-based, representative at the national or sub-national level, conducted between 2000 and 2018 and measured IPV using act-specific questions."
